City,diesel,petrol
Adilabad,99.84,111.83
Agar Malwa,94.89,109.7
Agra,89.8,96.63
Ahmadnagar,93.03,106.53
Ahmedabad,92.17,96.42
Aizawl,82.18,95.73
Ajmer,93.44,108.17
Akola,92.69,106.14
Alappuzha,97.45,108.58
Aligarh,89.94,96.79
Alipurduar,93.9,107.26
Alirajpur,95.67,110.57
Allahabad,90.46,97.27
Almora,90.59,95.66
Alwar,94.41,109.26
Ambala,90.29,97.45
Ambedkarnagar,90.69,97.53
Amethi Csm Nagar,90.13,96.95
Amravati,93.74,107.23
Amreli,93.72,97.95
Amritsar,87.9,97.55
Amroha,90.13,96.96
Anand,92.34,96.59
Anantapur,99.42,111.66
Anantnag,85.97,100.8
Angul,96.37,104.86
Anupur,96.16,111.1
Araria,95.88,109.23
Aravalli,92.91,97.16
Ariyalur,95.08,103.45
Arwal,94.57,107.81
Ashoknagar,93.94,108.71
Auraiya,90.13,96.96
Aurangabad,95.07,108.35
Azamgarh,90.86,97.7
Badgam,86.97,101.98
Badwani,95.22,110.06
Bagalkot,88.46,102.55
Bageshwar,91.03,95.98
Baghpat,89.57,96.39
Bahraich,90.3,97.11
Baksa,89.09,97.57
Balaghat,96.25,111.19
Baleshwar,94.81,103.23
Ballia,91.74,98.6
Balod,96.55,103.58
Balodabazar,95.98,103.01
Balrampur,97.62,104.66
Banas Kantha,92.38,96.62
Banda,90.63,97.48
Bandipora,87.36,102.4
Bangalore,87.89,101.94
Bangalore Rural,88.03,102.09
Banka,94.73,108.0
Bankura,93.01,106.28
Banswara,95.17,110.08
Barabanki,90.0,96.81
Baramullah,87.13,102.16
Baran,93.92,108.71
Bareilly,89.45,96.26
Bargarh,96.04,104.5
Barmer,95.34,110.26
Barnala,87.44,97.08
Barpeta,89.05,97.53
Bastar,98.23,105.29
Basti,90.13,96.93
Bathinda,87.39,97.03
Begusarai,93.74,106.95
Belgaum,88.55,102.64
Bellary,89.53,103.73
Bemetara,95.88,102.91
Betul,94.83,109.66
Bhadradri Kothagudem,98.86,110.78
Bhadrak,95.29,103.73
Bhagalpur,94.8,108.08
Bhandara,93.22,106.69
Bharatpur,93.88,108.68
Bharuch,92.74,96.99
Bhavnagar,93.74,97.99
Bhilwara,93.89,108.66
Bhind,94.34,109.12
Bhiwani,90.36,97.5
Bhojpur,94.65,107.89
Bhopal,93.9,108.65
Bid,93.94,107.46
Bidar,88.23,102.28
Bijapur,99.77,106.85
Bijnor,89.69,96.5
Bikaner,96.08,111.08
Bilaspur,95.66,102.67
Birbhum,93.58,106.91
Bishnupur,87.17,101.23
Biswanath,89.41,97.87
Bokaro,95.0,100.21
Bolangir,97.17,105.67
Bongaigaon,88.55,97.01
Botad,93.39,97.64
Boudh,96.67,105.18
Budaun,89.67,96.48
Bulandshahr,90.34,97.2
Buldhana,94.55,108.11
Bundi,93.24,107.96
Burhanpur,95.55,110.42
Buxar,95.46,108.76
Cachar,89.13,97.57
Central Delhi,89.62,96.72
Chamba,86.28,97.17
Chamoli,93.06,98.29
Champawat,90.37,95.25
Champhai,83.77,97.59
Chamrajnagar,88.0,102.06
Chandauli,89.82,96.63
Chandel,87.55,101.65
Chandigarh,84.26,96.2
Chandrapur,92.94,106.39
Changlang,84.66,95.39
Charaideo,89.26,97.74
Charki Dadri,89.85,96.98
Chatra,96.26,101.46
Chennai,94.24,102.63
Chhatarpur,95.19,110.06
Chhindware,94.99,109.81
Chhotaudepur,92.15,96.41
Chikkaballapura,87.67,101.69
Chikmagalur,88.19,102.36
Chirang,88.51,96.98
Chitradurga,89.32,103.63
Chitrakut,90.72,97.54
Chittaurgarh,93.68,108.43
Chittoor,100.3,112.66
Churachandpur,87.51,101.61
Churu,95.03,109.93
Coimbatore,94.78,103.17
Cooch Bihar,94.03,107.39
Cuddalore,96.56,105.01
Cuddapah,98.51,110.7
Cuttack,95.1,103.54
Dahod,92.71,96.96
Dakshin Dinajpur,93.07,106.36
Dakshin Kannad,87.31,101.34
Daman,89.86,94.31
Damoh,94.79,109.62
Dantewada,99.31,106.39
Darbhanga,94.65,107.91
Darjeeling,94.27,108.02
Darrang,88.92,97.4
Datia,94.56,109.36
Dausa,94.28,109.12
Davangere,89.33,103.63
Dehradun,90.35,95.31
Delhi Shahdara,89.62,96.72
Deogarh,94.35,99.57
Deoria,89.81,96.63
Devbhumi Dwarka,92.52,96.77
Dewas,93.84,108.56
Dhalai,87.66,98.66
Dhamtari,95.66,102.68
Dhanbad,94.6,99.8
Dhar,94.79,109.61
Dharmapuri,95.5,103.9
Dharwad,87.7,101.7
Dhaulpur,94.02,108.83
Dhemaji,89.62,98.11
Dhenkanal,95.52,103.98
Dhuburi,89.88,98.38
Dhule,92.54,106.01
Dibang Valley,84.57,95.3
Dibrugarh,88.91,97.38
Dima Hasao,90.37,98.83
Dimapur,86.65,98.28
Dindigul,95.31,103.7
Dindori,95.36,110.22
Diu,90.81,95.26
Doda,85.85,100.66
Dumka,95.31,100.53
Dungarpur,95.09,109.99
Durg,95.61,102.63
East Champaran,95.35,108.64
East Delhi,89.62,96.72
East District,89.9,102.85
East Garo Hills,84.78,96.27
East Godavari,99.88,112.22
East Imphal,87.13,101.19
East Jaintia Hills,85.34,97.01
East Khameng,83.91,94.74
East Khasi Hills,84.68,96.44
East Siang,84.22,94.97
East Singhbhum,95.08,100.29
Ernakulam,96.58,107.65
Erode,94.98,103.36
Etah,89.85,96.68
Etawah,90.06,96.9
Faizabad,90.42,97.25
Faridabad,90.11,97.25
Faridkot,87.6,97.25
Farrukkhabad,90.24,97.06
Fatehabad,90.81,97.98
Fatehgarh Sahib,88.12,97.79
Fatehpur,90.51,97.35
Fazilka,87.84,97.5
Firozabad,89.69,96.53
Firozpur,88.21,97.89
Gadag,88.2,102.25
Gadchiroli,93.36,106.82
Gajapati,97.13,105.66
Ganderbal,87.25,102.28
Gandhi Nagar,92.38,96.63
Ganganagar,98.24,113.48
Ganjam,96.17,104.66
Garhwa,97.38,102.58
Gariyaband,96.05,103.08
Gautam Budh Nagar,90.14,97.0
Gaya,95.04,108.31
Ghaziabad,89.75,96.58
Ghazipur,90.43,97.25
Gir Somnath,93.92,98.15
Giridih,94.93,100.13
Goalpara,89.04,97.52
Godda,95.3,100.53
Golaghat,88.71,97.18
Gomati,88.89,99.98
Gonda,89.96,96.76
Gondia,94.32,107.84
Gopalganj,95.46,108.77
Gorakhpur,89.97,96.79
Greater Mumbai,94.27,106.31
Gulbarga,88.16,102.21
Gumla,95.09,100.28
Guna,94.75,109.59
Guntur,99.62,111.88
Gurdaspur,87.78,97.43
Gurgaon,89.76,96.89
Gwalior,93.84,108.58
Hailakandi,89.19,97.63
Hamirpur,84.9,95.69
Hanumangarh,97.39,112.54
Hapur,89.65,96.48
Harda,94.37,109.15
Hardoi,90.05,96.87
Haridwar,89.54,94.42
Hassan,87.9,102.05
Hathras,89.63,96.48
Haveri,88.77,102.89
Hazaribagh,95.3,100.5
Hingoli,94.41,107.93
Hisar,90.46,97.63
Hojai,89.44,97.9
Hooghly,93.22,106.52
Hoshangabad,94.42,109.2
Hoshiarpur,87.57,97.21
Howrah,92.76,106.03
Hyderabad,97.82,109.66
Idukki,98.03,109.28
Indore,93.86,108.58
Jabalpur,93.93,108.66
Jagatsinghpur,94.28,102.71
Jagitial,98.53,110.43
Jahanabad,94.51,107.74
Jahbua,94.26,109.02
Jaipur,93.72,108.48
Jaisalmer,95.86,110.83
Jajpur,94.96,103.42
Jalandhar,87.68,97.32
Jalaun,90.44,97.29
Jalgaon,92.7,106.17
Jalna,94.73,108.3
Jalor,96.06,111.06
Jalpaiguri,92.48,105.73
Jammu,83.35,97.6
Jamnagar,91.78,96.04
Jamtara,95.19,100.41
Jamui,94.93,108.21
Jangaon,97.45,109.27
Janjgir,95.72,102.74
Jashpur,96.98,104.02
Jaunpur,90.97,97.8
Jayashankar Bhupalpa,97.73,109.57
Jhajjar,89.71,96.84
Jhalawar,94.8,109.69
Jhansi,89.9,96.73
Jhargram,93.53,106.89
Jharsuguda,94.89,103.31
Jhunjhunun,95.03,109.93
Jind,90.02,97.17
Jiribam,88.96,103.21
Jodhpur,94.98,109.86
Jogulamba Gadwal,99.55,111.51
Jorhat,89.01,97.49
Junagadh,93.5,97.73
Kaimur,95.65,108.97
Kaithal,89.66,96.8
Kakching,87.41,101.49
Kalahandi,97.25,105.75
Kalimpong,92.71,105.98
Kamareddy,98.95,110.88
Kamrup,88.68,97.15
Kamrup Metro,88.56,97.02
Kanchipuram,94.41,102.81
Kandhamal,96.41,104.91
Kangpokpi,87.46,101.55
Kangra,84.52,95.27
Kanker,96.89,103.92
Kanniyakumari,95.24,103.6
Kannuaj,90.57,97.41
Kannur,96.93,108.0
Kanpur Rural,89.6,96.41
Kanpur Urban,89.81,96.63
Kapurthala,87.41,97.04
Karaikal,86.12,95.89
Karauli,93.74,108.53
Karbi Anglong,89.63,98.1
Karim Nagar,97.92,109.78
Karimganj,89.74,98.19
Karnal,89.34,96.48
Karur,94.55,102.92
Kasaragod,97.29,108.39
Kashi Ram Nagar,90.07,96.91
Kathua,83.92,98.21
Katihar,95.38,108.7
Katni,94.88,109.7
Kaushambi,89.96,96.76
Kawardha,96.37,103.41
Kendrapara,94.66,103.11
Keonjhar,96.67,105.2
Khagaria,94.34,107.59
Khammam,98.4,110.3
Khandwa,95.06,109.89
Khargone,94.47,109.24
Kheda,91.96,96.22
Khordha,94.76,103.19
Khowai,88.03,99.06
Khunti,94.72,99.91
Kinnaur,88.11,99.44
Kiphere,89.76,101.77
Kishanganj,95.99,109.35
Kishtwar,86.24,101.09
Kodagu,88.9,103.19
Koderma,95.42,100.64
Kohima,87.56,99.45
Kokrajhar,89.1,97.57
Kolar,87.83,101.87
Kolasib,81.23,94.62
Kolhapur,93.01,106.47
Kolkata,92.76,106.03
Kollam,97.95,109.11
Komram Bheem Asifaba,99.48,111.45
Kondagaon,97.4,104.45
Koppal,89.08,103.21
Koraput,99.21,107.79
Korba,95.17,102.18
Koria,96.11,103.13
Kota,93.84,108.62
Kottayam,97.0,108.1
Kozhikode,97.2,108.28
Krishna,99.16,111.38
Krishnagiri,95.83,104.23
Kulgam,86.4,101.26
Kullu,86.06,97.0
Kupwara,87.59,102.65
Kurnool,99.76,112.03
Kurukshetra,89.84,96.99
Kushinagar,89.63,96.44
Kutch,92.33,96.59
Lahul & Spiti,87.9,99.18
Lakhimpur,90.28,98.77
Lalitpur,90.22,97.06
Latehar,95.68,100.87
Latur,93.69,107.19
Lawngtlai,84.03,97.77
Lohardaga,95.53,100.72
Lohit,84.66,95.39
Longding,84.35,95.06
Longleng,88.94,100.76
Lower Dibang Valley,84.8,95.6
Lower Subansiri,82.4,93.03
Luckeesarai,94.76,108.04
Lucknow,89.81,96.62
Ludhiana,87.8,97.45
Lunglei,83.44,97.14
Madhepura,94.89,108.17
Madhubani,95.32,108.63
Madurai,94.98,103.35
Mahabubabad,97.72,109.56
Maharajganj,90.42,97.25
Mahasamund,96.69,103.73
Mahe,83.72,93.8
Mahendragarh,89.95,97.08
Mahisagar,92.9,97.16
Mahoba,90.63,97.48
Mainpuri,90.23,97.08
Majuli,90.78,99.3
Malappuram,97.75,108.9
Malda,92.7,105.96
Malkangiri,100.29,108.92
Mamit,82.42,96.02
Mancherial,98.74,110.65
Mandi,85.38,96.2
Mandla,95.27,110.12
Mandsaur,94.93,109.75
Mandya,88.1,102.17
Mansa,87.57,97.21
Mathura,89.33,96.17
Maunathbhanjan,90.57,97.4
Mayurbhanj,95.6,104.05
Medak,98.24,110.1
Medchal Malkajgiri,97.82,109.66
Meerut,89.64,96.46
Mehabubnagar,98.7,110.6
Mehsana,92.17,96.4
Mewat,89.81,96.94
Mirzapur,90.63,97.45
Moga,88.2,97.87
Mokokchung,88.99,101.02
Mon,88.75,100.62
Moradabad,90.01,96.83
Morbi,92.54,96.77
Morena,94.27,109.04
Morigaon,89.11,97.59
Muktsar,87.48,97.13
Mulugu,97.47,109.29
Mumbai City,94.27,106.31
Mungeli,96.18,103.2
Munger,94.23,107.47
Murshidabad,92.92,106.2
Muzaffarnagar,89.81,96.63
Muzaffarpur,94.79,108.07
Mysore,87.49,101.5
Nabarangapur,99.53,108.13
Nadia,93.78,107.12
Nagaon,89.77,98.26
Nagapattinam,95.79,104.18
Nagarkurnool,98.53,110.41
Nagaur,93.99,108.78
Nagpur,92.59,106.04
Nainital,89.97,94.85
Nalanda,94.42,107.65
Nalbari,89.18,97.66
Nalgonda,98.22,110.11
Namakkal,94.7,103.07
Namsai,84.42,95.13
Nanded,94.78,108.32
Nandurbar,93.49,106.99
Narayanpet,99.51,111.47
Narmada,92.73,96.99
Narsimhapur,94.21,108.96
Nashik,92.42,105.89
Navsari,92.3,96.54
Nawada,94.97,108.24
Nayagarh,95.03,103.47
Neemach,95.15,110.0
Nellore,99.91,112.24
New Delhi,89.62,96.72
Nicobar,79.74,84.1
Nilgiris,96.37,104.96
Nirmal,99.4,111.36
Nizamabad,99.31,111.27
Noney,87.51,101.61
North 24 Parganas,93.29,106.59
North And Middle Andaman,79.74,84.1
North Delhi,89.62,96.72
North District,89.9,102.85
North East Delhi,89.62,96.72
North Garo Hills,84.19,95.67
North Goa,90.29,97.75
North Tripura,87.42,98.4
North West Delhi,89.62,96.72
Nuaparha,97.17,105.68
Osmanabad,93.84,107.35
Pakur,95.97,101.2
Palakkad,97.95,109.11
Palamau,97.54,102.75
Palghar,92.55,106.06
Pali,93.78,108.54
Palwal,90.3,97.44
Panch Mahal,92.18,96.44
Panchkula,90.67,97.84
Panipat,89.53,96.67
Panna,95.48,110.38
Papumpare,82.27,92.83
Parbhani,95.21,108.79
Paschim Bardhaman,92.61,105.86
Paschim Medinipur,93.33,106.67
Patan,92.22,96.46
Pathananthitta,97.67,108.81
Pathankot,88.45,98.12
Patiala,87.52,97.17
Patna,94.04,107.24
Pauri,90.38,95.29
Peddapalli,98.44,110.34
Perambalur,95.01,103.38
Peren,86.99,98.65
Phek,89.1,101.14
Pherzawl,88.78,103.02
Pilibhit,90.31,97.15
Pithoragarh,92.75,97.96
Pondicherry,86.33,96.16
Poonch,85.83,100.6
Porbander,92.52,96.77
Prakasam,99.75,112.05
Pratapgarh,94.21,109.01
Pudukkottai,95.3,103.68
Pulwama,86.91,101.92
Pune,92.3,105.77
Purba Bardhaman,93.1,106.39
Purba Medinipur,92.75,106.05
Puri,95.16,103.61
Purnia,95.39,108.71
Purulia,93.53,106.85
Rae Bareli,89.87,96.68
Raichur,88.59,102.67
Raigarh,95.73,102.75
Raipur,95.44,102.45
Raisen,94.08,108.84
Rajanna Sircilla,98.3,110.18
Rajgarh,94.71,109.53
Rajkot,91.94,96.18
Rajnandgaon,95.84,102.86
Rajouri,84.74,99.18
Rajsamand,94.35,109.17
Ramanagara,88.29,102.39
Ramanathapuram,95.41,103.78
Ramban,85.17,99.84
Ramgarh,95.19,100.38
Rampur,90.26,97.09
Ranchi,94.65,99.84
Rangareddi,97.82,109.66
Ratlam,93.77,108.49
Ratnagiri,93.87,107.43
Rayagada,98.43,107.01
Reasi,84.48,99.1
Rewa,96.06,110.98
Rewari,89.48,96.6
Ri Bhoi,84.18,95.82
Rohtak,90.13,97.26
Rohtas,95.23,108.52
Rudraprayag,92.18,97.28
Rupnagar,88.21,97.88
Sabar Kantha,92.84,97.1
Sagar,93.74,108.48
Saharanpur,90.24,97.07
Saharsa,94.79,108.07
Sahibganj,95.96,101.19
Saiha,84.75,98.61
Salem,95.15,103.54
Samastipur,94.15,107.39
Samba,83.26,97.5
Sambalpur,95.41,103.85
Sambhal,89.99,96.81
Sangareddy,98.6,110.49
Sangli,92.95,106.41
Sangrur,87.4,97.04
Sant Kabir Nagar,90.24,97.07
Sant Ravi Nagar,90.49,97.31
Saraikela Kharasawan,94.58,99.78
Saran,94.71,107.97
Sas Nagar,88.3,97.98
Satara,93.88,107.42
Satna,95.98,110.9
Sawaimadhopur,94.74,109.63
Sehore,94.1,108.87
Senapati,88.0,102.16
Seoni,95.56,110.44
Sepahijhala,88.71,99.79
Serchhip,82.86,96.49
Sewan,95.17,108.46
Shahdol,96.37,111.32
Shahjahanpur,89.72,96.53
Shajapur,94.47,109.27
Shamli,89.97,96.8
Shd Bhagat Singh Ngr,87.99,97.64
Sheikhpura,95.27,108.56
Sheohar,95.25,108.56
Sheopur,96.06,111.0
Shimla,86.3,97.24
Shimoga,88.45,102.62
Shivpuri,95.18,110.04
Shopian,86.59,101.55
Shravasti,90.19,96.99
Sibsagar,89.75,98.24
Siddipet,97.63,109.47
Sidharthnagar,90.86,97.7
Sidhi,95.51,110.35
Sikar,94.27,109.09
Silvassa,89.98,94.43
Simdega,95.62,100.81
Sindhudurg,94.34,107.86
Singrauli,94.03,108.74
Sirmaur,85.9,96.7
Sirohi,94.94,109.82
Sirsa,90.89,98.07
Sitamarhi,95.14,108.44
Sitapur,90.4,97.23
Sivaganga,95.2,103.57
Solan,84.56,95.26
Solapur,93.49,106.99
Sonapur,96.21,104.68
Sonbhadra,90.7,97.52
Sonipat,89.74,96.88
Sonitpur,88.75,97.2
South 24 Parganas,92.76,106.03
South Andaman,79.74,84.1
South Delhi,89.62,96.72
South District,89.9,102.85
South East Delhi,89.62,96.72
South Garo Hills,85.25,96.74
South Goa,89.68,97.11
South Tripura,89.27,100.38
South West Delhi,89.62,96.72
Southwest Khasi Hils,85.38,96.87
Srikakulam,99.53,111.84
Srinagar,86.97,101.98
Sukma,99.17,106.25
Sultanpur,91.14,97.98
Sundargarh,96.31,104.78
Supaul,95.55,108.88
Surajpur,96.67,103.7
Surat,92.4,96.63
Surendranagar,92.92,97.15
Surguja,96.57,103.59
Suryapet,97.22,109.04
Tamenglong,88.42,102.62
Tapi,92.75,96.99
Tarn Taran,88.09,97.75
Tawang,86.91,98.26
Tehri Garhwal,91.38,96.45
Tengnoupal,87.97,102.12
Teni,95.41,103.79
Thane,92.47,105.97
Thanjavur,94.88,103.25
The Dangs,93.01,97.25
Thiruvananthapuram,98.53,109.73
Thiruvarur,95.42,103.8
Thoubal,87.29,101.37
Thrissur,97.09,108.2
Tikamgarh,94.64,109.47
Tinsukia,88.51,96.98
Tirap,84.52,95.34
Tiruchchirappalli,95.04,103.41
Tirunelveli,94.6,102.95
Tirupur,94.78,103.17
Tiruvallur,94.4,102.81
Tiruvannamalai,95.12,103.54
Tonk,94.05,108.86
Tuensang,89.91,102.04
Tumkur,88.36,102.45
Tuticorin,94.6,102.97
Udaipur,94.13,108.92
Udalguri,89.25,97.73
Udham Singh Nagar,89.97,94.85
Udhampur,84.45,99.09
Udupi,87.54,101.59
Ujjain,94.25,109.01
Ukhrul,87.81,101.94
Umaria,95.81,110.71
Una,84.09,94.76
Unakoti,87.09,98.04
Unnao,89.96,96.78
Upper Siang,85.06,95.83
Upper Sibansiri,85.0,95.78
Uttar Dinajpur,93.23,106.54
Uttar Kannad,88.76,102.94
Uttarkashi,91.51,96.62
Vadodara,91.82,96.08
Vaishali,94.09,107.3
Valsad,93.15,97.39
Varanasi,90.08,96.89
Vellore,95.52,103.95
Vidisha,93.89,108.66
Vikarabad,98.88,110.79
Viluppuram,95.73,104.17
Virudunagar,95.4,103.76
Vishakhapatnam,98.27,110.48
Vizianagaram,99.57,111.88
Wanaparthy,99.12,111.05
Warangal,97.29,109.1
Warangal Rural,97.5,109.32
Wardha,93.52,107.01
Washim,93.59,107.07
Wayanad,97.84,109.05
West Champaran,95.82,109.15
West Delhi,89.62,96.72
West District,89.9,102.85
West Garo Hills,84.86,96.34
West Godavari,99.36,111.62
West Imphal,87.13,101.19
West Kameng,85.33,96.54
West Karbi Anglong,90.0,98.48
West Khasi Hills,85.61,97.34
West Siang,84.84,95.82
West Singhbhum,95.92,101.13
West Tripura,88.44,99.49
Wokha,88.32,100.3
Yadadri Bhuvanagiri,98.0,109.87
Yadgir,88.25,102.31
Yamunanagar,90.11,97.26
Yanam,86.59,96.82
Yavatmal,93.8,107.29
Zunheboto,89.18,101.32
